"Data Source","World Development Indicators",

"Last Updated Date","2020-04-09",

"Country Name","Country Code","Indicator Name","Indicator Code","1960","1961","1962","1963","1964","1965","1966","1967","1968","1969","1970","1971","1972","1973","1974","1975","1976","1977","1978","1979","1980","1981","1982","1983","1984","1985","1986","1987","1988","1989","1990","1991","1992","1993","1994","1995","1996","1997","1998","1999","2000","2001","2002","2003","2004","2005","2006","2007","2008","2009","2010","2011","2012","2013","2014","2015","2016","2017","2018","2019",
"Aruba","ABW","Cause of death, by communicable diseases and maternal, prenatal and nutrition conditions (% of total)","SH.DTH.COMM.ZS","","","","","","","","","","","","","","","","","","","","","","","","","","","","","","","","","","","","","","","","","","","","","","","","","","","","","","","","","","","","",
"Afghanistan","AFG","Cause of death, by communicable diseases and maternal, prenatal and nutrition conditions (% of total)","SH.DTH.COMM.ZS","","","","","","","","","","","","","","","","","","","","","","","","","","","","","","","","","","","","","","","","","61.4","","","","","","","","","","50.2","","","","","40.6","36.4","","","",
"Angola","AGO","Cause of death, by communicable diseases and maternal, prenatal and nutrition conditions (% of total)","SH.DTH.COMM.ZS","","","","","","","","","","","","","","","","","","","","","","","","","","","","","","","","","","","","","","","","","74.7","","","","","","","","","","68.7","","","","","63.4","63.4","","","",
"Albania","ALB","Cause of death, by communicable diseases and maternal, prenatal and nutrition conditions (% of total)","SH.DTH.COMM.ZS","","","","","","","","","","","","","","","","","","","","","","","","","","","","","","","","","","","","","","","","","7.3","","","","","","","","","","3.3","","","","","2.9","2.9","","","",
"Andorra","AND","Cause of death, by communicable diseases and maternal, prenatal and nutrition conditions (% of total)","SH.DTH.COMM.ZS","","","","","","","","","","","","","","","","","","","","","","","","","","","","","","","","","","","","","","","","","","","","","","","","","","","","","","","","","","","","",
"Arab World","ARB","Cause of death, by communicable diseases and maternal, prenatal and nutrition conditions (% of total)","SH.DTH.COMM.ZS","","","","","","","","","","","","","","","","","","","","","","","","","","","","","","","","","","","","","","","","","32.2402096092057","","","","","","","","","","24.5133416981051","","","","","20.3790795587104","19.9734057486687","","","",
"United Arab Emirates","ARE","Cause of death, by communicable diseases and maternal, prenatal and nutrition conditions (% of total)","SH.DTH.COMM.ZS","","","","","","","","","","","","","","","","","","","","","","","","","","","","","","","","","","","","","","","","","10.6","","","","","","","","","","7.5","","","","","6.6","6.5","","","",
"Argentina","ARG","Cause of death, by communicable diseases and maternal, prenatal and nutrition conditions (% of total)","SH.DTH.COMM.ZS","","","","","","","","","","","","","","","","","","","","","","","","","","","","","","","","","","","","","","","","","12.2","","","","","","","","","","14.1","","","","","15.5","15.9","","","",
"Armenia","ARM","Cause of death, by communicable diseases and maternal, prenatal and nutrition conditions (% of total)","SH.DTH.COMM.ZS","","","","","","","","","","","","","","","","","","","","","","","","","","","","","","","","","","","","","","","","","5.2","","","","","","","","","","4.2","","","","","3.1","2.8","","","",
"American Samoa","ASM","Cause of death, by communicable diseases and maternal, prenatal and nutrition conditions (% of total)","SH.DTH.COMM.ZS","","","","","","","","","","","","","","","","","","","","","","","","","","","","","","","","","","","","","","","","","","","","","","","","","","","","","","","","","","","","",
"Antigua and Barbuda","ATG","Cause of death, by communicable diseases and maternal, prenatal and nutrition conditions (% of total)","SH.DTH.COMM.ZS","","","","","","","","","","","","","","","","","","","","","","","","","","","","","","","","","","","","","","","","","13.5","","","","","","","","","","13.2","","","","","12.6","11.9","","","",
"Australia","AUS","Cause of death, by communicable diseases and maternal, prenatal and nutrition conditions (% of total)","SH.DTH.COMM.ZS","","","","","","","","","","","","","","","","","","","","","","","","","","","","","","","","","","","","","","","","","4.4","","","","","","","","","","3.9","","","","","4.4","4.6","","","",
"Austria","AUT","Cause of death, by communicable diseases and maternal, prenatal and nutrition conditions (% of total)","SH.DTH.COMM.ZS","","","","","","","","","","","","","","","","","","","","","","","","","","","","","","","","","","","","","","","","","2.7","","","","","","","","","","2.4","","","","","2.4","2.6","","","",
"Azerbaijan","AZE","Cause of death, by communicable diseases and maternal, prenatal and nutrition conditions (% of total)","SH.DTH.COMM.ZS","","","","","","","","","","","","","","","","","","","","","","","","","","","","","","","","","","","","","","","","","19.3","","","","","","","","","","10.9","","","","","9.1","8.8","","","",
"Burundi","BDI","Cause of death, by communicable diseases and maternal, prenatal and nutrition conditions (% of total)","SH.DTH.COMM.ZS","","","","","","","","","","","","","","","","","","","","","","","","","","","","","","","","","","","","","","","","","69.2","","","","","","","","","","62.1","","","","","56.8","55.8","","","",
"Belgium","BEL","Cause of death, by communicable diseases and maternal, prenatal and nutrition conditions (% of total)","SH.DTH.COMM.ZS","","","","","","","","","","","","","","","","","","","","","","","","","","","","","","","","","","","","","","","","","7.4","","","","","","","","","","7.2","","","","","7.8","7.9","","","",
"Benin","BEN","Cause of death, by communicable diseases and maternal, prenatal and nutrition conditions (% of total)","SH.DTH.COMM.ZS","","","","","","","","","","","","","","","","","","","","","","","","","","","","","","","","","","","","","","","","","65.5","","","","","","","","","","58.5","","","","","54.8","54.1","","","",
"Burkina Faso","BFA","Cause of death, by communicable diseases and maternal, prenatal and nutrition conditions (% of total)","SH.DTH.COMM.ZS","","","","","","","","","","","","","","","","","","","","","","","","","","","","","","","","","","","","","","","","","74.4","","","","","","","","","","65","","","","","57.3","56.3","","","",
"Bangladesh","BGD","Cause of death, by communicable diseases and maternal, prenatal and nutrition conditions (% of total)","SH.DTH.COMM.ZS","","","","","","","","","","","","","","","","","","","","","","","","","","","","","","","","","","","","","","","","","50","","","","","","","","","","33.9","","","","","27","25.6","","","",
"Bulgaria","BGR","Cause of death, by communicable diseases and maternal, prenatal and nutrition conditions (% of total)","SH.DTH.COMM.ZS","","","","","","","","","","","","","","","","","","","","","","","","","","","","","","","","","","","","","","","","","3.3","","","","","","","","","","2.3","","","","","2.3","2.2","","","",
"Bahrain","BHR","Cause of death, by communicable diseases and maternal, prenatal and nutrition conditions (% of total)","SH.DTH.COMM.ZS","","","","","","","","","","","","","","","","","","","","","","","","","","","","","","","","","","","","","","","","","7.8","","","","","","","","","","7.2","","","","","7","6.9","","","",
"Bahamas, The","BHS","Cause of death, by communicable diseases and maternal, prenatal and nutrition conditions (% of total)","SH.DTH.COMM.ZS","","","","","","","","","","","","","","","","","","","","","","","","","","","","","","","","","","","","","","","","","24.3","","","","","","","","","","16.8","","","","","15.7","16.9","","","",
"Bosnia and Herzegovina","BIH","Cause of death, by communicable diseases and maternal, prenatal and nutrition conditions (% of total)","SH.DTH.COMM.ZS","","","","","","","","","","","","","","","","","","","","","","","","","","","","","","","","","","","","","","","","","2.9","","","","","","","","","","2.1","","","","","1.8","1.8","","","",
"Belarus","BLR","Cause of death, by communicable diseases and maternal, prenatal and nutrition conditions (% of total)","SH.DTH.COMM.ZS","","","","","","","","","","","","","","","","","","","","","","","","","","","","","","","","","","","","","","","","","2.2","","","","","","","","","","2.4","","","","","2.3","2.5","","","",
"Belize","BLZ","Cause of death, by communicable diseases and maternal, prenatal and nutrition conditions (% of total)","SH.DTH.COMM.ZS","","","","","","","","","","","","","","","","","","","","","","","","","","","","","","","","","","","","","","","","","17.1","","","","","","","","","","17.2","","","","","19.1","19.4","","","",
"Bermuda","BMU","Cause of death, by communicable diseases and maternal, prenatal and nutrition conditions (% of total)","SH.DTH.COMM.ZS","","","","","","","","","","","","","","","","","","","","","","","","","","","","","","","","","","","","","","","","","","","","","","","","","","","","","","","","","","","","",
"Bolivia","BOL","Cause of death, by communicable diseases and maternal, prenatal and nutrition conditions (% of total)","SH.DTH.COMM.ZS","","","","","","","","","","","","","","","","","","","","","","","","","","","","","","","","","","","","","","","","","35.6","","","","","","","","","","27","","","","","23.1","22.4","","","",
"Brazil","BRA","Cause of death, by communicable diseases and maternal, prenatal and nutrition conditions (% of total)","SH.DTH.COMM.ZS","","","","","","","","","","","","","","","","","","","","","","","","","","","","","","","","","","","","","","","","","17.4","","","","","","","","","","13.5","","","","","13.8","13.9","","","",
"Barbados","BRB","Cause of death, by communicable diseases and maternal, prenatal and nutrition conditions (% of total)","SH.DTH.COMM.ZS","","","","","","","","","","","","","","","","","","","","","","","","","","","","","","","","","","","","","","","","","11.2","","","","","","","","","","12.5","","","","","12.9","13","","","",
"Brunei Darussalam","BRN","Cause of death, by communicable diseases and maternal, prenatal and nutrition conditions (% of total)","SH.DTH.COMM.ZS","","","","","","","","","","","","","","","","","","","","","","","","","","","","","","","","","","","","","","","","","9.6","","","","","","","","","","8.3","","","","","8","7.8","","","",
"Bhutan","BTN","Cause of death, by communicable diseases and maternal, prenatal and nutrition conditions (% of total)","SH.DTH.COMM.ZS","","","","","","","","","","","","","","","","","","","","","","","","","","","","","","","","","","","","","","","","","37.1","","","","","","","","","","26","","","","","21.1","20.9","","","",
"Botswana","BWA","Cause of death, by communicable diseases and maternal, prenatal and nutrition conditions (% of total)","SH.DTH.COMM.ZS","","","","","","","","","","","","","","","","","","","","","","","","","","","","","","","","","","","","","","","","","76.8","","","","","","","","","","55.8","","","","","47.9","46","","","",
"Central African Republic","CAF","Cause of death, by communicable diseases and maternal, prenatal and nutrition conditions (% of total)","SH.DTH.COMM.ZS","","","","","","","","","","","","","","","","","","","","","","","","","","","","","","","","","","","","","","","","","74.5","","","","","","","","","","68.3","","","","","64.7","63.7","","","",
"Canada","CAN","Cause of death, by communicable diseases and maternal, prenatal and nutrition conditions (% of total)","SH.DTH.COMM.ZS","","","","","","","","","","","","","","","","","","","","","","","","","","","","","","","","","","","","","","","","","4.5","","","","","","","","","","5","","","","","5.5","5.6","","","",
"Central Europe and the Baltics","CEB","Cause of death, by communicable diseases and maternal, prenatal and nutrition conditions (% of total)","SH.DTH.COMM.ZS","","","","","","","","","","","","","","","","","","","","","","","","","","","","","","","","","","","","","","","","","3.67011080118889","","","","","","","","","","3.29659364412508","","","","","3.89525937415929","4.02146137315572","","","",
"Switzerland","CHE","Cause of death, by communicable diseases and maternal, prenatal and nutrition conditions (% of total)","SH.DTH.COMM.ZS","","","","","","","","","","","","","","","","","","","","","","","","","","","","","","","","","","","","","","","","","5.3","","","","","","","","","","3.6","","","","","4.5","4.3","","","",
"Channel Islands","CHI","Cause of death, by communicable diseases and maternal, prenatal and nutrition conditions (% of total)","SH.DTH.COMM.ZS","","","","","","","","","","","","","","","","","","","","","","","","","","","","","","","","","","","","","","","","","","","","","","","","","","","","","","","","","","","","",
"Chile","CHL","Cause of death, by communicable diseases and maternal, prenatal and nutrition conditions (% of total)","SH.DTH.COMM.ZS","","","","","","","","","","","","","","","","","","","","","","","","","","","","","","","","","","","","","","","","","10.8","","","","","","","","","","8.1","","","","","7.5","8.1","","","",
"China","CHN","Cause of death, by communicable diseases and maternal, prenatal and nutrition conditions (% of total)","SH.DTH.COMM.ZS","","","","","","","","","","","","","","","","","","","","","","","","","","","","","","","","","","","","","","","","","8.9","","","","","","","","","","5","","","","","3.9","3.8","","","",
"Cote d'Ivoire","CIV","Cause of death, by communicable diseases and maternal, prenatal and nutrition conditions (% of total)","SH.DTH.COMM.ZS","","","","","","","","","","","","","","","","","","","","","","","","","","","","","","","","","","","","","","","","","69.6","","","","","","","","","","58.6","","","","","53.5","52.4","","","",
"Cameroon","CMR","Cause of death, by communicable diseases and maternal, prenatal and nutrition conditions (% of total)","SH.DTH.COMM.ZS","","","","","","","","","","","","","","","","","","","","","","","","","","","","","","","","","","","","","","","","","66.6","","","","","","","","","","59.8","","","","","54.8","53.9","","","",
"Congo, Dem. Rep.","COD","Cause of death, by communicable diseases and maternal, prenatal and nutrition conditions (% of total)","SH.DTH.COMM.ZS","","","","","","","","","","","","","","","","","","","","","","","","","","","","","","","","","","","","","","","","","72.8","","","","","","","","","","67.5","","","","","62.8","61.7","","","",
"Congo, Rep.","COG","Cause of death, by communicable diseases and maternal, prenatal and nutrition conditions (% of total)","SH.DTH.COMM.ZS","","","","","","","","","","","","","","","","","","","","","","","","","","","","","","","","","","","","","","","","","64.8","","","","","","","","","","57.4","","","","","57.4","55.5","","","",
"Colombia","COL","Cause of death, by communicable diseases and maternal, prenatal and nutrition conditions (% of total)","SH.DTH.COMM.ZS","","","","","","","","","","","","","","","","","","","","","","","","","","","","","","","","","","","","","","","","","12.9","","","","","","","","","","10.7","","","","","10.3","10.1","","","",
"Comoros","COM","Cause of death, by communicable diseases and maternal, prenatal and nutrition conditions (% of total)","SH.DTH.COMM.ZS","","","","","","","","","","","","","","","","","","","","","","","","","","","","","","","","","","","","","","","","","56.5","","","","","","","","","","52.8","","","","","48.2","47.4","","","",
"Cabo Verde","CPV","Cause of death, by communicable diseases and maternal, prenatal and nutrition conditions (% of total)","SH.DTH.COMM.ZS","","","","","","","","","","","","","","","","","","","","","","","","","","","","","","","","","","","","","","","","","30.5","","","","","","","","","","22.8","","","","","19.8","19.5","","","",
"Costa Rica","CRI","Cause of death, by communicable diseases and maternal, prenatal and nutrition conditions (% of total)","SH.DTH.COMM.ZS","","","","","","","","","","","","","","","","","","","","","","","","","","","","","","","","","","","","","","","","","8.8","","","","","","","","","","6.6","","","","","6.5","6.4","","","",
"Caribbean small states","CSS","Cause of death, by communicable diseases and maternal, prenatal and nutrition conditions (% of total)","SH.DTH.COMM.ZS","","","","","","","","","","","","","","","","","","","","","","","","","","","","","","","","","","","","","","","","","17.9518367854629","","","","","","","","","","13.3961793985167","","","","","12.5859419854334","12.6229144758398","","","",
"Cuba","CUB","Cause of death, by communicable diseases and maternal, prenatal and nutrition conditions (% of total)","SH.DTH.COMM.ZS","","","","","","","","","","","","","","","","","","","","","","","","","","","","","","","","","","","","","","","","","8.8","","","","","","","","","","7.1","","","","","8.3","8.4","","","",
"Curacao","CUW","Cause of death, by communicable diseases and maternal, prenatal and nutrition conditions (% of total)","SH.DTH.COMM.ZS","","","","","","","","","","","","","","","","","","","","","","","","","","","","","","","","","","","","","","","","","","","","","","","","","","","","","","","","","","","","",
"Cayman Islands","CYM","Cause of death, by communicable diseases and maternal, prenatal and nutrition conditions (% of total)","SH.DTH.COMM.ZS","","","","","","","","","","","","","","","","","","","","","","","","","","","","","","","","","","","","","","","","","","","","","","","","","","","","","","","","","","","","",
"Cyprus","CYP","Cause of death, by communicable diseases and maternal, prenatal and nutrition conditions (% of total)","SH.DTH.COMM.ZS","","","","","","","","","","","","","","","","","","","","","","","","","","","","","","","","","","","","","","","","","4","","","","","","","","","","3.7","","","","","4.4","4.1","","","",
"Czech Republic","CZE","Cause of death, by communicable diseases and maternal, prenatal and nutrition conditions (% of total)","SH.DTH.COMM.ZS","","","","","","","","","","","","","","","","","","","","","","","","","","","","","","","","","","","","","","","","","3.1","","","","","","","","","","4.6","","","","","5.1","5.4","","","",
"Germany","DEU","Cause of death, by communicable diseases and maternal, prenatal and nutrition conditions (% of total)","SH.DTH.COMM.ZS","","","","","","","","","","","","","","","","","","","","","","","","","","","","","","","","","","","","","","","","","3.9","","","","","","","","","","4.6","","","","","4.9","4.8","","","",
"Djibouti","DJI","Cause of death, by communicable diseases and maternal, prenatal and nutrition conditions (% of total)","SH.DTH.COMM.ZS","","","","","","","","","","","","","","","","","","","","","","","","","","","","","","","","","","","","","","","","","61.3","","","","","","","","","","53.6","","","","","47","45.2","","","",
"Dominica","DMA","Cause of death, by communicable diseases and maternal, prenatal and nutrition conditions (% of total)","SH.DTH.COMM.ZS","","","","","","","","","","","","","","","","","","","","","","","","","","","","","","","","","","","","","","","","","","","","","","","","","","","","","","","","","","","","",
"Denmark","DNK","Cause of death, by communicable diseases and maternal, prenatal and nutrition conditions (% of total)","SH.DTH.COMM.ZS","","","","","","","","","","","","","","","","","","","","","","","","","","","","","","","","","","","","","","","","","3.7","","","","","","","","","","6.6","","","","","6.3","6.5","","","",
"Dominican Republic","DOM","Cause of death, by communicable diseases and maternal, prenatal and nutrition conditions (% of total)","SH.DTH.COMM.ZS","","","","","","","","","","","","","","","","","","","","","","","","","","","","","","","","","","","","","","","","","28.4","","","","","","","","","","21.4","","","","","16.8","15.8","","","",
"Algeria","DZA","Cause of death, by communicable diseases and maternal, prenatal and nutrition conditions (% of total)","SH.DTH.COMM.ZS","","","","","","","","","","","","","","","","","","","","","","","","","","","","","","","","","","","","","","","","","19.7","","","","","","","","","","16.8","","","","","15.3","14.8","","","",
"East Asia & Pacific (excluding high income)","EAP","Cause of death, by communicable diseases and maternal, prenatal and nutrition conditions (% of total)","SH.DTH.COMM.ZS","","","","","","","","","","","","","","","","","","","","","","","","","","","","","","","","","","","","","","","","","16.5025299180923","","","","","","","","","","10.8666201486872","","","","","8.98991642346134","8.72164942918909","","","",
"Early-demographic dividend","EAR","Cause of death, by communicable diseases and maternal, prenatal and nutrition conditions (% of total)","SH.DTH.COMM.ZS","","","","","","","","","","","","","","","","","","","","","","","","","","","","","","","","","","","","","","","","","41.5186628377834","","","","","","","","","","30.8976347260404","","","","","25.7374143548908","24.9396541906611","","","",
"East Asia & Pacific","EAS","Cause of death, by communicable diseases and maternal, prenatal and nutrition conditions (% of total)","SH.DTH.COMM.ZS","","","","","","","","","","","","","","","","","","","","","","","","","","","","","","","","","","","","","","","","","15.8512938186585","","","","","","","","","","10.9029576762303","","","","","9.26822237529507","9.03129411638265","","","",
"Europe & Central Asia (excluding high income)","ECA","Cause of death, by communicable diseases and maternal, prenatal and nutrition conditions (% of total)","SH.DTH.COMM.ZS","","","","","","","","","","","","","","","","","","","","","","","","","","","","","","","","","","","","","","","","","6.32899598980566","","","","","","","","","","5.3470506112349","","","","","5.09682433691752","4.94608240393122","","","",
"Europe & Central Asia","ECS","Cause of death, by communicable diseases and maternal, prenatal and nutrition conditions (% of total)","SH.DTH.COMM.ZS","","","","","","","","","","","","","","","","","","","","","","","","","","","","","","","","","","","","","","","","","5.95078742724609","","","","","","","","","","5.10325576815646","","","","","5.33513340087195","5.26637588253491","","","",
"Ecuador","ECU","Cause of death, by communicable diseases and maternal, prenatal and nutrition conditions (% of total)","SH.DTH.COMM.ZS","","","","","","","","","","","","","","","","","","","","","","","","","","","","","","","","","","","","","","","","","20.9","","","","","","","","","","17.1","","","","","14.7","15.1","","","",
"Egypt, Arab Rep.","EGY","Cause of death, by communicable diseases and maternal, prenatal and nutrition conditions (% of total)","SH.DTH.COMM.ZS","","","","","","","","","","","","","","","","","","","","","","","","","","","","","","","","","","","","","","","","","20","","","","","","","","","","12.3","","","","","10.5","10.2","","","",
"Euro area","EMU","Cause of death, by communicable diseases and maternal, prenatal and nutrition conditions (% of total)","SH.DTH.COMM.ZS","","","","","","","","","","","","","","","","","","","","","","","","","","","","","","","","","","","","","","","","","4.82535813035363","","","","","","","","","","4.730945271159","","","","","5.3811735528708","5.42215835353784","","","",
"Eritrea","ERI","Cause of death, by communicable diseases and maternal, prenatal and nutrition conditions (% of total)","SH.DTH.COMM.ZS","","","","","","","","","","","","","","","","","","","","","","","","","","","","","","","","","","","","","","","","","35","","","","","","","","","","47.6","","","","","43.8","42.9","","","",
"Spain","ESP","Cause of death, by communicable diseases and maternal, prenatal and nutrition conditions (% of total)","SH.DTH.COMM.ZS","","","","","","","","","","","","","","","","","","","","","","","","","","","","","","","","","","","","","","","","","4.7","","","","","","","","","","4.4","","","","","5.2","5.1","","","",
"Estonia","EST","Cause of death, by communicable diseases and maternal, prenatal and nutrition conditions (% of total)","SH.DTH.COMM.ZS","","","","","","","","","","","","","","","","","","","","","","","","","","","","","","","","","","","","","","","","","3","","","","","","","","","","2","","","","","2.8","2.8","","","",
"Ethiopia","ETH","Cause of death, by communicable diseases and maternal, prenatal and nutrition conditions (% of total)","SH.DTH.COMM.ZS","","","","","","","","","","","","","","","","","","","","","","","","","","","","","","","","","","","","","","","","","70.3","","","","","","","","","","58.3","","","","","51","49","","","",
"European Union","EUU","Cause of death, by communicable diseases and maternal, prenatal and nutrition conditions (% of total)","SH.DTH.COMM.ZS","","","","","","","","","","","","","","","","","","","","","","","","","","","","","","","","","","","","","","","","","4.54697518200484","","","","","","","","","","4.40346720526016","","","","","5.06120585560052","5.11167956054897","","","",
"Fragile and conflict affected situations","FCS","Cause of death, by communicable diseases and maternal, prenatal and nutrition conditions (% of total)","SH.DTH.COMM.ZS","","","","","","","","","","","","","","","","","","","","","","","","","","","","","","","","","","","","","","","","","64.3976192853272","","","","","","","","","","55.4495908522038","","","","","51.3526562038138","50.3622597541087","","","",
"Finland","FIN","Cause of death, by communicable diseases and maternal, prenatal and nutrition conditions (% of total)","SH.DTH.COMM.ZS","","","","","","","","","","","","","","","","","","","","","","","","","","","","","","","","","","","","","","","","","6.9","","","","","","","","","","1.9","","","","","1.2","1.3","","","",
"Fiji","FJI","Cause of death, by communicable diseases and maternal, prenatal and nutrition conditions (% of total)","SH.DTH.COMM.ZS","","","","","","","","","","","","","","","","","","","","","","","","","","","","","","","","","","","","","","","","","14.6","","","","","","","","","","11.7","","","","","10.3","10.1","","","",
"France","FRA","Cause of death, by communicable diseases and maternal, prenatal and nutrition conditions (% of total)","SH.DTH.COMM.ZS","","","","","","","","","","","","","","","","","","","","","","","","","","","","","","","","","","","","","","","","","6.4","","","","","","","","","","5.8","","","","","6","6","","","",
"Faroe Islands","FRO","Cause of death, by communicable diseases and maternal, prenatal and nutrition conditions (% of total)","SH.DTH.COMM.ZS","","","","","","","","","","","","","","","","","","","","","","","","","","","","","","","","","","","","","","","","","","","","","","","","","","","","","","","","","","","","",
"Micronesia, Fed. Sts.","FSM","Cause of death, by communicable diseases and maternal, prenatal and nutrition conditions (% of total)","SH.DTH.COMM.ZS","","","","","","","","","","","","","","","","","","","","","","","","","","","","","","","","","","","","","","","","","29.2","","","","","","","","","","21.4","","","","","17.8","18.5","","","",
"Gabon","GAB","Cause of death, by communicable diseases and maternal, prenatal and nutrition conditions (% of total)","SH.DTH.COMM.ZS","","","","","","","","","","","","","","","","","","","","","","","","","","","","","","","","","","","","","","","","","59.5","","","","","","","","","","57","","","","","49.9","49.9","","","",
"United Kingdom","GBR","Cause of death, by communicable diseases and maternal, prenatal and nutrition conditions (% of total)","SH.DTH.COMM.ZS","","","","","","","","","","","","","","","","","","","","","","","","","","","","","","","","","","","","","","","","","11.8","","","","","","","","","","7.3","","","","","8","7.7","","","",
"Georgia","GEO","Cause of death, by communicable diseases and maternal, prenatal and nutrition conditions (% of total)","SH.DTH.COMM.ZS","","","","","","","","","","","","","","","","","","","","","","","","","","","","","","","","","","","","","","","","","5.1","","","","","","","","","","3.2","","","","","2.8","2.7","","","",
"Ghana","GHA","Cause of death, by communicable diseases and maternal, prenatal and nutrition conditions (% of total)","SH.DTH.COMM.ZS","","","","","","","","","","","","","","","","","","","","","","","","","","","","","","","","","","","","","","","","","65.9","","","","","","","","","","54.4","","","","","48.4","47.5","","","",
"Gibraltar","GIB","Cause of death, by communicable diseases and maternal, prenatal and nutrition conditions (% of total)","SH.DTH.COMM.ZS","","","","","","","","","","","","","","","","","","","","","","","","","","","","","","","","","","","","","","","","","","","","","","","","","","","","","","","","","","","","",
"Guinea","GIN","Cause of death, by communicable diseases and maternal, prenatal and nutrition conditions (% of total)","SH.DTH.COMM.ZS","","","","","","","","","","","","","","","","","","","","","","","","","","","","","","","","","","","","","","","","","70.3","","","","","","","","","","59.5","","","","","57.9","55.7","","","",
"Gambia, The","GMB","Cause of death, by communicable diseases and maternal, prenatal and nutrition conditions (% of total)","SH.DTH.COMM.ZS","","","","","","","","","","","","","","","","","","","","","","","","","","","","","","","","","","","","","","","","","63.4","","","","","","","","","","58.9","","","","","55.2","54.8","","","",
"Guinea-Bissau","GNB","Cause of death, by communicable diseases and maternal, prenatal and nutrition conditions (% of total)","SH.DTH.COMM.ZS","","","","","","","","","","","","","","","","","","","","","","","","","","","","","","","","","","","","","","","","","69.7","","","","","","","","","","65.5","","","","","64.2","62.1","","","",
"Equatorial Guinea","GNQ","Cause of death, by communicable diseases and maternal, prenatal and nutrition conditions (% of total)","SH.DTH.COMM.ZS","","","","","","","","","","","","","","","","","","","","","","","","","","","","","","","","","","","","","","","","","61.4","","","","","","","","","","55.5","","","","","53.2","53.4","","","",
"Greece","GRC","Cause of death, by communicable diseases and maternal, prenatal and nutrition conditions (% of total)","SH.DTH.COMM.ZS","","","","","","","","","","","","","","","","","","","","","","","","","","","","","","","","","","","","","","","","","3.9","","","","","","","","","","5.7","","","","","9.8","10.9","","","",
"Grenada","GRD","Cause of death, by communicable diseases and maternal, prenatal and nutrition conditions (% of total)","SH.DTH.COMM.ZS","","","","","","","","","","","","","","","","","","","","","","","","","","","","","","","","","","","","","","","","","14.6","","","","","","","","","","10.7","","","","","13","11.9","","","",
"Greenland","GRL","Cause of death, by communicable diseases and maternal, prenatal and nutrition conditions (% of total)","SH.DTH.COMM.ZS","","","","","","","","","","","","","","","","","","","","","","","","","","","","","","","","","","","","","","","","","","","","","","","","","","","","","","","","","","","","",
"Guatemala","GTM","Cause of death, by communicable diseases and maternal, prenatal and nutrition conditions (% of total)","SH.DTH.COMM.ZS","","","","","","","","","","","","","","","","","","","","","","","","","","","","","","","","","","","","","","","","","43.9","","","","","","","","","","29.5","","","","","24.8","25.1","","","",
"Guam","GUM","Cause of death, by communicable diseases and maternal, prenatal and nutrition conditions (% of total)","SH.DTH.COMM.ZS","","","","","","","","","","","","","","","","","","","","","","","","","","","","","","","","","","","","","","","","","","","","","","","","","","","","","","","","","","","","",
"Guyana","GUY","Cause of death, by communicable diseases and maternal, prenatal and nutrition conditions (% of total)","SH.DTH.COMM.ZS","","","","","","","","","","","","","","","","","","","","","","","","","","","","","","","","","","","","","","","","","28.8","","","","","","","","","","21.3","","","","","20.2","20","","","",
"High income","HIC","Cause of death, by communicable diseases and maternal, prenatal and nutrition conditions (% of total)","SH.DTH.COMM.ZS","","","","","","","","","","","","","","","","","","","","","","","","","","","","","","","","","","","","","","","","","6.60478203172647","","","","","","","","","","6.31945968003908","","","","","6.7178581237119","6.69117965574174","","","",
"Hong Kong SAR, China","HKG","Cause of death, by communicable diseases and maternal, prenatal and nutrition conditions (% of total)","SH.DTH.COMM.ZS","","","","","","","","","","","","","","","","","","","","","","","","","","","","","","","","","","","","","","","","","","","","","","","","","","","","","","","","","","","","",
"Honduras","HND","Cause of death, by communicable diseases and maternal, prenatal and nutrition conditions (% of total)","SH.DTH.COMM.ZS","","","","","","","","","","","","","","","","","","","","","","","","","","","","","","","","","","","","","","","","","32.6","","","","","","","","","","18.7","","","","","14.6","14","","","",
"Heavily indebted poor countries (HIPC)","HPC","Cause of death, by communicable diseases and maternal, prenatal and nutrition conditions (% of total)","SH.DTH.COMM.ZS","","","","","","","","","","","","","","","","","","","","","","","","","","","","","","","","","","","","","","","","","68.764984173725","","","","","","","","","","58.3937946250847","","","","","54.4171969351837","52.9121091792475","","","",
"Croatia","HRV","Cause of death, by communicable diseases and maternal, prenatal and nutrition conditions (% of total)","SH.DTH.COMM.ZS","","","","","","","","","","","","","","","","","","","","","","","","","","","","","","","","","","","","","","","","","3.3","","","","","","","","","","1.6","","","","","2","2.3","","","",
"Haiti","HTI","Cause of death, by communicable diseases and maternal, prenatal and nutrition conditions (% of total)","SH.DTH.COMM.ZS","","","","","","","","","","","","","","","","","","","","","","","","","","","","","","","","","","","","","","","","","47.4","","","","","","","","","","12.3","","","","","31.3","30.3","","","",
"Hungary","HUN","Cause of death, by communicable diseases and maternal, prenatal and nutrition conditions (% of total)","SH.DTH.COMM.ZS","","","","","","","","","","","","","","","","","","","","","","","","","","","","","","","","","","","","","","","","","1.8","","","","","","","","","","1.5","","","","","2","1.8","","","",
"IBRD only","IBD","Cause of death, by communicable diseases and maternal, prenatal and nutrition conditions (% of total)","SH.DTH.COMM.ZS","","","","","","","","","","","","","","","","","","","","","","","","","","","","","","","","","","","","","","","","","23.4732723125429","","","","","","","","","","17.5401025426673","","","","","14.5773065921701","14.1724542992758","","","",
"IDA & IBRD total","IBT","Cause of death, by communicable diseases and maternal, prenatal and nutrition conditions (% of total)","SH.DTH.COMM.ZS","","","","","","","","","","","","","","","","","","","","","","","","","","","","","","","","","","","","","","","","","35.5331722657879","","","","","","","","","","27.5347817529083","","","","","23.6709879898005","22.987187583219","","","",
"IDA total","IDA","Cause of death, by communicable diseases and maternal, prenatal and nutrition conditions (% of total)","SH.DTH.COMM.ZS","","","","","","","","","","","","","","","","","","","","","","","","","","","","","","","","","","","","","","","","","63.6485423082677","","","","","","","","","","53.3707129559327","","","","","48.455552106875","47.3598337424571","","","",
"IDA blend","IDB","Cause of death, by communicable diseases and maternal, prenatal and nutrition conditions (% of total)","SH.DTH.COMM.ZS","","","","","","","","","","","","","","","","","","","","","","","","","","","","","","","","","","","","","","","","","62.9837842380373","","","","","","","","","","55.2549251055698","","","","","50.8484881873901","50.078958115547","","","",
"Indonesia","IDN","Cause of death, by communicable diseases and maternal, prenatal and nutrition conditions (% of total)","SH.DTH.COMM.ZS","","","","","","","","","","","","","","","","","","","","","","","","","","","","","","","","","","","","","","","","","31.6","","","","","","","","","","24.5","","","","","21.5","20.7","","","",
"IDA only","IDX","Cause of death, by communicable diseases and maternal, prenatal and nutrition conditions (% of total)","SH.DTH.COMM.ZS","","","","","","","","","","","","","","","","","","","","","","","","","","","","","","","","","","","","","","","","","63.9986774169583","","","","","","","","","","52.3211886007904","","","","","47.084193070729","45.8008276631178","","","",
"Isle of Man","IMN","Cause of death, by communicable diseases and maternal, prenatal and nutrition conditions (% of total)","SH.DTH.COMM.ZS","","","","","","","","","","","","","","","","","","","","","","","","","","","","","","","","","","","","","","","","","","","","","","","","","","","","","","","","","","","","",
"India","IND","Cause of death, by communicable diseases and maternal, prenatal and nutrition conditions (% of total)","SH.DTH.COMM.ZS","","","","","","","","","","","","","","","","","","","","","","","","","","","","","","","","","","","","","","","","","43.8","","","","","","","","","","33","","","","","27","26","","","",
"Not classified","INX","Cause of death, by communicable diseases and maternal, prenatal and nutrition conditions (% of total)","SH.DTH.COMM.ZS","","","","","","","","","","","","","","","","","","","","","","","","","","","","","","","","","","","","","","","","","","","","","","","","","","","","","","","","","","","","",
"Ireland","IRL","Cause of death, by communicable diseases and maternal, prenatal and nutrition conditions (% of total)","SH.DTH.COMM.ZS","","","","","","","","","","","","","","","","","","","","","","","","","","","","","","","","","","","","","","","","","9.6","","","","","","","","","","6.2","","","","","5.2","5.1","","","",
"Iran, Islamic Rep.","IRN","Cause of death, by communicable diseases and maternal, prenatal and nutrition conditions (% of total)","SH.DTH.COMM.ZS","","","","","","","","","","","","","","","","","","","","","","","","","","","","","","","","","","","","","","","","","12.9","","","","","","","","","","9.1","","","","","8.2","7.9","","","",
"Iraq","IRQ","Cause of death, by communicable diseases and maternal, prenatal and nutrition conditions (% of total)","SH.DTH.COMM.ZS","","","","","","","","","","","","","","","","","","","","","","","","","","","","","","","","","","","","","","","","","25.8","","","","","","","","","","22.8","","","","","17","16.8","","","",
"Iceland","ISL","Cause of death, by communicable diseases and maternal, prenatal and nutrition conditions (% of total)","SH.DTH.COMM.ZS","","","","","","","","","","","","","","","","","","","","","","","","","","","","","","","","","","","","","","","","","5.9","","","","","","","","","","4.6","","","","","4.5","4.4","","","",
"Israel","ISR","Cause of death, by communicable diseases and maternal, prenatal and nutrition conditions (% of total)","SH.DTH.COMM.ZS","","","","","","","","","","","","","","","","","","","","","","","","","","","","","","","","","","","","","","","","","6.7","","","","","","","","","","7.7","","","","","10","10","","","",
"Italy","ITA","Cause of death, by communicable diseases and maternal, prenatal and nutrition conditions (% of total)","SH.DTH.COMM.ZS","","","","","","","","","","","","","","","","","","","","","","","","","","","","","","","","","","","","","","","","","3.4","","","","","","","","","","3.2","","","","","4.7","4.9","","","",
"Jamaica","JAM","Cause of death, by communicable diseases and maternal, prenatal and nutrition conditions (% of total)","SH.DTH.COMM.ZS","","","","","","","","","","","","","","","","","","","","","","","","","","","","","","","","","","","","","","","","","17.7","","","","","","","","","","12.9","","","","","11","11.2","","","",
"Jordan","JOR","Cause of death, by communicable diseases and maternal, prenatal and nutrition conditions (% of total)","SH.DTH.COMM.ZS","","","","","","","","","","","","","","","","","","","","","","","","","","","","","","","","","","","","","","","","","17.7","","","","","","","","","","13.3","","","","","11.1","10.7","","","",
"Japan","JPN","Cause of death, by communicable diseases and maternal, prenatal and nutrition conditions (% of total)","SH.DTH.COMM.ZS","","","","","","","","","","","","","","","","","","","","","","","","","","","","","","","","","","","","","","","","","11.9","","","","","","","","","","13","","","","","12.8","12.7","","","",
"Kazakhstan","KAZ","Cause of death, by communicable diseases and maternal, prenatal and nutrition conditions (% of total)","SH.DTH.COMM.ZS","","","","","","","","","","","","","","","","","","","","","","","","","","","","","","","","","","","","","","","","","9.9","","","","","","","","","","6.8","","","","","5","4.5","","","",
"Kenya","KEN","Cause of death, by communicable diseases and maternal, prenatal and nutrition conditions (% of total)","SH.DTH.COMM.ZS","","","","","","","","","","","","","","","","","","","","","","","","","","","","","","","","","","","","","","","","","78.1","","","","","","","","","","71.5","","","","","65.2","63.3","","","",
"Kyrgyz Republic","KGZ","Cause of death, by communicable diseases and maternal, prenatal and nutrition conditions (% of total)","SH.DTH.COMM.ZS","","","","","","","","","","","","","","","","","","","","","","","","","","","","","","","","","","","","","","","","","17.5","","","","","","","","","","11.9","","","","","10","9.6","","","",
"Cambodia","KHM","Cause of death, by communicable diseases and maternal, prenatal and nutrition conditions (% of total)","SH.DTH.COMM.ZS","","","","","","","","","","","","","","","","","","","","","","","","","","","","","","","","","","","","","","","","","53.9","","","","","","","","","","33.1","","","","","26.7","25.6","","","",
"Kiribati","KIR","Cause of death, by communicable diseases and maternal, prenatal and nutrition conditions (% of total)","SH.DTH.COMM.ZS","","","","","","","","","","","","","","","","","","","","","","","","","","","","","","","","","","","","","","","","","38.5","","","","","","","","","","32.9","","","","","29.5","28.7","","","",
"St. Kitts and Nevis","KNA","Cause of death, by communicable diseases and maternal, prenatal and nutrition conditions (% of total)","SH.DTH.COMM.ZS","","","","","","","","","","","","","","","","","","","","","","","","","","","","","","","","","","","","","","","","","","","","","","","","","","","","","","","","","","","","",
"Korea, Rep.","KOR","Cause of death, by communicable diseases and maternal, prenatal and nutrition conditions (% of total)","SH.DTH.COMM.ZS","","","","","","","","","","","","","","","","","","","","","","","","","","","","","","","","","","","","","","","","","6.7","","","","","","","","","","7.1","","","","","9.7","10.1","","","",
"Kuwait","KWT","Cause of death, by communicable diseases and maternal, prenatal and nutrition conditions (% of total)","SH.DTH.COMM.ZS","","","","","","","","","","","","","","","","","","","","","","","","","","","","","","","","","","","","","","","","","9.3","","","","","","","","","","11.2","","","","","14.7","14.8","","","",
"Latin America & Caribbean (excluding high income)","LAC","Cause of death, by communicable diseases and maternal, prenatal and nutrition conditions (% of total)","SH.DTH.COMM.ZS","","","","","","","","","","","","","","","","","","","","","","","","","","","","","","","","","","","","","","","","","19.5156870861929","","","","","","","","","","13.8811286734739","","","","","13.8546554067087","13.8507853867024","","","",
"Lao PDR","LAO","Cause of death, by communicable diseases and maternal, prenatal and nutrition conditions (% of total)","SH.DTH.COMM.ZS","","","","","","","","","","","","","","","","","","","","","","","","","","","","","","","","","","","","","","","","","53.3","","","","","","","","","","39.5","","","","","33","31.4","","","",
"Lebanon","LBN","Cause of death, by communicable diseases and maternal, prenatal and nutrition conditions (% of total)","SH.DTH.COMM.ZS","","","","","","","","","","","","","","","","","","","","","","","","","","","","","","","","","","","","","","","","","7.1","","","","","","","","","","4.1","","","","","3.7","3.6","","","",
"Liberia","LBR","Cause of death, by communicable diseases and maternal, prenatal and nutrition conditions (% of total)","SH.DTH.COMM.ZS","","","","","","","","","","","","","","","","","","","","","","","","","","","","","","","","","","","","","","","","","76.2","","","","","","","","","","64.4","","","","","60.9","58.5","","","",
"Libya","LBY","Cause of death, by communicable diseases and maternal, prenatal and nutrition conditions (% of total)","SH.DTH.COMM.ZS","","","","","","","","","","","","","","","","","","","","","","","","","","","","","","","","","","","","","","","","","13.9","","","","","","","","","","9.7","","","","","8.4","8","","","",
"St. Lucia","LCA","Cause of death, by communicable diseases and maternal, prenatal and nutrition conditions (% of total)","SH.DTH.COMM.ZS","","","","","","","","","","","","","","","","","","","","","","","","","","","","","","","","","","","","","","","","","12.5","","","","","","","","","","8.9","","","","","9.8","9.7","","","",
"Latin America & Caribbean","LCN","Cause of death, by communicable diseases and maternal, prenatal and nutrition conditions (% of total)","SH.DTH.COMM.ZS","","","","","","","","","","","","","","","","","","","","","","","","","","","","","","","","","","","","","","","","","19.1471179708609","","","","","","","","","","13.6778389149511","","","","","13.6058265115806","13.6268389979172","","","",
"Least developed countries: UN classification","LDC","Cause of death, by communicable diseases and maternal, prenatal and nutrition conditions (% of total)","SH.DTH.COMM.ZS","","","","","","","","","","","","","","","","","","","","","","","","","","","","","","","","","","","","","","","","","65.1494767896473","","","","","","","","","","53.6801173322736","","","","","48.8842675390365","47.5499856786755","","","",
"Low income","LIC","Cause of death, by communicable diseases and maternal, prenatal and nutrition conditions (% of total)","SH.DTH.COMM.ZS","","","","","","","","","","","","","","","","","","","","","","","","","","","","","","","","","","","","","","","","","67.67325647713","","","","","","","","","","56.1877770330799","","","","","51.3738393647698","50.1157127804591","","","",
"Liechtenstein","LIE","Cause of death, by communicable diseases and maternal, prenatal and nutrition conditions (% of total)","SH.DTH.COMM.ZS","","","","","","","","","","","","","","","","","","","","","","","","","","","","","","","","","","","","","","","","","","","","","","","","","","","","","","","","","","","","",
"Sri Lanka","LKA","Cause of death, by communicable diseases and maternal, prenatal and nutrition conditions (% of total)","SH.DTH.COMM.ZS","","","","","","","","","","","","","","","","","","","","","","","","","","","","","","","","","","","","","","","","","10.2","","","","","","","","","","8.2","","","","","7.6","7.5","","","",
"Lower middle income","LMC","Cause of death, by communicable diseases and maternal, prenatal and nutrition conditions (% of total)","SH.DTH.COMM.ZS","","","","","","","","","","","","","","","","","","","","","","","","","","","","","","","","","","","","","","","","","45.8439553269594","","","","","","","","","","36.0831578863","","","","","31.1365459102456","30.2540024077228","","","",
"Low & middle income","LMY","Cause of death, by communicable diseases and maternal, prenatal and nutrition conditions (% of total)","SH.DTH.COMM.ZS","","","","","","","","","","","","","","","","","","","","","","","","","","","","","","","","","","","","","","","","","35.9024633603705","","","","","","","","","","27.7318734184376","","","","","23.8168033258138","23.1194329602475","","","",
"Lesotho","LSO","Cause of death, by communicable diseases and maternal, prenatal and nutrition conditions (% of total)","SH.DTH.COMM.ZS","","","","","","","","","","","","","","","","","","","","","","","","","","","","","","","","","","","","","","","","","64.1","","","","","","","","","","59.3","","","","","60.7","59.3","","","",
"Late-demographic dividend","LTE","Cause of death, by communicable diseases and maternal, prenatal and nutrition conditions (% of total)","SH.DTH.COMM.ZS","","","","","","","","","","","","","","","","","","","","","","","","","","","","","","","","","","","","","","","","","10.2052046228214","","","","","","","","","","6.80276187981512","","","","","6.00367796745481","5.8817188510474","","","",
"Lithuania","LTU","Cause of death, by communicable diseases and maternal, prenatal and nutrition conditions (% of total)","SH.DTH.COMM.ZS","","","","","","","","","","","","","","","","","","","","","","","","","","","","","","","","","","","","","","","","","2.8","","","","","","","","","","2.4","","","","","3.3","3.6","","","",
"Luxembourg","LUX","Cause of death, by communicable diseases and maternal, prenatal and nutrition conditions (% of total)","SH.DTH.COMM.ZS","","","","","","","","","","","","","","","","","","","","","","","","","","","","","","","","","","","","","","","","","4.5","","","","","","","","","","6.1","","","","","4.8","4.9","","","",
"Latvia","LVA","Cause of death, by communicable diseases and maternal, prenatal and nutrition conditions (% of total)","SH.DTH.COMM.ZS","","","","","","","","","","","","","","","","","","","","","","","","","","","","","","","","","","","","","","","","","3","","","","","","","","","","2.3","","","","","2.5","2.7","","","",
"Macao SAR, China","MAC","Cause of death, by communicable diseases and maternal, prenatal and nutrition conditions (% of total)","SH.DTH.COMM.ZS","","","","","","","","","","","","","","","","","","","","","","","","","","","","","","","","","","","","","","","","","","","","","","","","","","","","","","","","","","","","",
"St. Martin (French part)","MAF","Cause of death, by communicable diseases and maternal, prenatal and nutrition conditions (% of total)","SH.DTH.COMM.ZS","","","","","","","","","","","","","","","","","","","","","","","","","","","","","","","","","","","","","","","","","","","","","","","","","","","","","","","","","","","","",
"Morocco","MAR","Cause of death, by communicable diseases and maternal, prenatal and nutrition conditions (% of total)","SH.DTH.COMM.ZS","","","","","","","","","","","","","","","","","","","","","","","","","","","","","","","","","","","","","","","","","21.9","","","","","","","","","","17.3","","","","","14.6","14","","","",
"Monaco","MCO","Cause of death, by communicable diseases and maternal, prenatal and nutrition conditions (% of total)","SH.DTH.COMM.ZS","","","","","","","","","","","","","","","","","","","","","","","","","","","","","","","","","","","","","","","","","","","","","","","","","","","","","","","","","","","","",
"Moldova","MDA","Cause of death, by communicable diseases and maternal, prenatal and nutrition conditions (% of total)","SH.DTH.COMM.ZS","","","","","","","","","","","","","","","","","","","","","","","","","","","","","","","","","","","","","","","","","5.5","","","","","","","","","","4.5","","","","","4.4","4.2","","","",
"Madagascar","MDG","Cause of death, by communicable diseases and maternal, prenatal and nutrition conditions (% of total)","SH.DTH.COMM.ZS","","","","","","","","","","","","","","","","","","","","","","","","","","","","","","","","","","","","","","","","","61.3","","","","","","","","","","50.8","","","","","47.2","46.2","","","",
"Maldives","MDV","Cause of death, by communicable diseases and maternal, prenatal and nutrition conditions (% of total)","SH.DTH.COMM.ZS","","","","","","","","","","","","","","","","","","","","","","","","","","","","","","","","","","","","","","","","","19.8","","","","","","","","","","9.3","","","","","8.3","8","","","",
"Middle East & North Africa","MEA","Cause of death, by communicable diseases and maternal, prenatal and nutrition conditions (% of total)","SH.DTH.COMM.ZS","","","","","","","","","","","","","","","","","","","","","","","","","","","","","","","","","","","","","","","","","20.689183283135","","","","","","","","","","14.5581976192187","","","","","12.234792307837","12.0534839275107","","","",
"Mexico","MEX","Cause of death, by communicable diseases and maternal, prenatal and nutrition conditions (% of total)","SH.DTH.COMM.ZS","","","","","","","","","","","","","","","","","","","","","","","","","","","","","","","","","","","","","","","","","17.7","","","","","","","","","","11.1","","","","","9.7","9.8","","","",
"Marshall Islands","MHL","Cause of death, by communicable diseases and maternal, prenatal and nutrition conditions (% of total)","SH.DTH.COMM.ZS","","","","","","","","","","","","","","","","","","","","","","","","","","","","","","","","","","","","","","","","","","","","","","","","","","","","","","","","","","","","",
"Middle income","MIC","Cause of death, by communicable diseases and maternal, prenatal and nutrition conditions (% of total)","SH.DTH.COMM.ZS","","","","","","","","","","","","","","","","","","","","","","","","","","","","","","","","","","","","","","","","","30.7343823684025","","","","","","","","","","23.6009600402276","","","","","20.067350677192","19.4999872998825","","","",
"North Macedonia","MKD","Cause of death, by communicable diseases and maternal, prenatal and nutrition conditions (% of total)","SH.DTH.COMM.ZS","","","","","","","","","","","","","","","","","","","","","","","","","","","","","","","","","","","","","","","","","3.4","","","","","","","","","","1.9","","","","","1.9","1.9","","","",
"Mali","MLI","Cause of death, by communicable diseases and maternal, prenatal and nutrition conditions (% of total)","SH.DTH.COMM.ZS","","","","","","","","","","","","","","","","","","","","","","","","","","","","","","","","","","","","","","","","","70.6","","","","","","","","","","64.8","","","","","61.5","60.6","","","",
"Malta","MLT","Cause of death, by communicable diseases and maternal, prenatal and nutrition conditions (% of total)","SH.DTH.COMM.ZS","","","","","","","","","","","","","","","","","","","","","","","","","","","","","","","","","","","","","","","","","8","","","","","","","","","","5.2","","","","","6","6.4","","","",
"Myanmar","MMR","Cause of death, by communicable diseases and maternal, prenatal and nutrition conditions (% of total)","SH.DTH.COMM.ZS","","","","","","","","","","","","","","","","","","","","","","","","","","","","","","","","","","","","","","","","","45.1","","","","","","","","","","31.4","","","","","24.7","23.6","","","",
"Middle East & North Africa (excluding high income)","MNA","Cause of death, by communicable diseases and maternal, prenatal and nutrition conditions (% of total)","SH.DTH.COMM.ZS","","","","","","","","","","","","","","","","","","","","","","","","","","","","","","","","","","","","","","","","","21.3274340384605","","","","","","","","","","14.9336596900986","","","","","12.4244549398408","12.242657311341","","","",
"Montenegro","MNE","Cause of death, by communicable diseases and maternal, prenatal and nutrition conditions (% of total)","SH.DTH.COMM.ZS","","","","","","","","","","","","","","","","","","","","","","","","","","","","","","","","","","","","","","","","","2.5","","","","","","","","","","1.7","","","","","1.5","1.4","","","",
"Mongolia","MNG","Cause of death, by communicable diseases and maternal, prenatal and nutrition conditions (% of total)","SH.DTH.COMM.ZS","","","","","","","","","","","","","","","","","","","","","","","","","","","","","","","","","","","","","","","","","17.7","","","","","","","","","","12","","","","","10.2","9.7","","","",
"Northern Mariana Islands","MNP","Cause of death, by communicable diseases and maternal, prenatal and nutrition conditions (% of total)","SH.DTH.COMM.ZS","","","","","","","","","","","","","","","","","","","","","","","","","","","","","","","","","","","","","","","","","","","","","","","","","","","","","","","","","","","","",
"Mozambique","MOZ","Cause of death, by communicable diseases and maternal, prenatal and nutrition conditions (% of total)","SH.DTH.COMM.ZS","","","","","","","","","","","","","","","","","","","","","","","","","","","","","","","","","","","","","","","","","71.7","","","","","","","","","","70.6","","","","","67.1","65.3","","","",
"Mauritania","MRT","Cause of death, by communicable diseases and maternal, prenatal and nutrition conditions (% of total)","SH.DTH.COMM.ZS","","","","","","","","","","","","","","","","","","","","","","","","","","","","","","","","","","","","","","","","","64.8","","","","","","","","","","60.3","","","","","54.4","53.4","","","",
"Mauritius","MUS","Cause of death, by communicable diseases and maternal, prenatal and nutrition conditions (% of total)","SH.DTH.COMM.ZS","","","","","","","","","","","","","","","","","","","","","","","","","","","","","","","","","","","","","","","","","7.7","","","","","","","","","","7.9","","","","","6.8","6.5","","","",
"Malawi","MWI","Cause of death, by communicable diseases and maternal, prenatal and nutrition conditions (% of total)","SH.DTH.COMM.ZS","","","","","","","","","","","","","","","","","","","","","","","","","","","","","","","","","","","","","","","","","77.9","","","","","","","","","","71.2","","","","","61.7","59.7","","","",
"Malaysia","MYS","Cause of death, by communicable diseases and maternal, prenatal and nutrition conditions (% of total)","SH.DTH.COMM.ZS","","","","","","","","","","","","","","","","","","","","","","","","","","","","","","","","","","","","","","","","","21.5","","","","","","","","","","19.5","","","","","18","17.5","","","",
"North America","NAC","Cause of death, by communicable diseases and maternal, prenatal and nutrition conditions (% of total)","SH.DTH.COMM.ZS","","","","","","","","","","","","","","","","","","","","","","","","","","","","","","","","","","","","","","","","","5.96685127090945","","","","","","","","","","5.3645813251787","","","","","5.40846265601662","5.23351097508434","","","",
"Namibia","NAM","Cause of death, by communicable diseases and maternal, prenatal and nutrition conditions (% of total)","SH.DTH.COMM.ZS","","","","","","","","","","","","","","","","","","","","","","","","","","","","","","","","","","","","","","","","","62.1","","","","","","","","","","53.2","","","","","49.7","49.3","","","",
"New Caledonia","NCL","Cause of death, by communicable diseases and maternal, prenatal and nutrition conditions (% of total)","SH.DTH.COMM.ZS","","","","","","","","","","","","","","","","","","","","","","","","","","","","","","","","","","","","","","","","","","","","","","","","","","","","","","","","","","","","",
"Niger","NER","Cause of death, by communicable diseases and maternal, prenatal and nutrition conditions (% of total)","SH.DTH.COMM.ZS","","","","","","","","","","","","","","","","","","","","","","","","","","","","","","","","","","","","","","","","","77.7","","","","","","","","","","67.7","","","","","63.3","62.7","","","",
"Nigeria","NGA","Cause of death, by communicable diseases and maternal, prenatal and nutrition conditions (% of total)","SH.DTH.COMM.ZS","","","","","","","","","","","","","","","","","","","","","","","","","","","","","","","","","","","","","","","","","72.1","","","","","","","","","","67","","","","","63.5","62.7","","","",
"Nicaragua","NIC","Cause of death, by communicable diseases and maternal, prenatal and nutrition conditions (% of total)","SH.DTH.COMM.ZS","","","","","","","","","","","","","","","","","","","","","","","","","","","","","","","","","","","","","","","","","22.5","","","","","","","","","","14.6","","","","","11.4","10.9","","","",
"Netherlands","NLD","Cause of death, by communicable diseases and maternal, prenatal and nutrition conditions (% of total)","SH.DTH.COMM.ZS","","","","","","","","","","","","","","","","","","","","","","","","","","","","","","","","","","","","","","","","","7.2","","","","","","","","","","6.4","","","","","5.8","5.2","","","",
"Norway","NOR","Cause of death, by communicable diseases and maternal, prenatal and nutrition conditions (% of total)","SH.DTH.COMM.ZS","","","","","","","","","","","","","","","","","","","","","","","","","","","","","","","","","","","","","","","","","7.4","","","","","","","","","","6.8","","","","","7.4","7.3","","","",
"Nepal","NPL","Cause of death, by communicable diseases and maternal, prenatal and nutrition conditions (% of total)","SH.DTH.COMM.ZS","","","","","","","","","","","","","","","","","","","","","","","","","","","","","","","","","","","","","","","","","47.6","","","","","","","","","","32.1","","","","","24.4","25","","","",
"Nauru","NRU","Cause of death, by communicable diseases and maternal, prenatal and nutrition conditions (% of total)","SH.DTH.COMM.ZS","","","","","","","","","","","","","","","","","","","","","","","","","","","","","","","","","","","","","","","","","","","","","","","","","","","","","","","","","","","","",
"New Zealand","NZL","Cause of death, by communicable diseases and maternal, prenatal and nutrition conditions (% of total)","SH.DTH.COMM.ZS","","","","","","","","","","","","","","","","","","","","","","","","","","","","","","","","","","","","","","","","","2.7","","","","","","","","","","3.5","","","","","4.4","4.6","","","",
"OECD members","OED","Cause of death, by communicable diseases and maternal, prenatal and nutrition conditions (% of total)","SH.DTH.COMM.ZS","","","","","","","","","","","","","","","","","","","","","","","","","","","","","","","","","","","","","","","","","7.16606364841085","","","","","","","","","","6.47001658506164","","","","","6.72082609490742","6.68370693074764","","","",
"Oman","OMN","Cause of death, by communicable diseases and maternal, prenatal and nutrition conditions (% of total)","SH.DTH.COMM.ZS","","","","","","","","","","","","","","","","","","","","","","","","","","","","","","","","","","","","","","","","","15.5","","","","","","","","","","11.5","","","","","10.8","10.5","","","",
"Other small states","OSS","Cause of death, by communicable diseases and maternal, prenatal and nutrition conditions (% of total)","SH.DTH.COMM.ZS","","","","","","","","","","","","","","","","","","","","","","","","","","","","","","","","","","","","","","","","","50.9764634341483","","","","","","","","","","43.8751548163373","","","","","40.4929096838619","39.5258062365914","","","",
"Pakistan","PAK","Cause of death, by communicable diseases and maternal, prenatal and nutrition conditions (% of total)","SH.DTH.COMM.ZS","","","","","","","","","","","","","","","","","","","","","","","","","","","","","","","","","","","","","","","","","48.1","","","","","","","","","","39.1","","","","","35.3","34.9","","","",
"Panama","PAN","Cause of death, by communicable diseases and maternal, prenatal and nutrition conditions (% of total)","SH.DTH.COMM.ZS","","","","","","","","","","","","","","","","","","","","","","","","","","","","","","","","","","","","","","","","","19.5","","","","","","","","","","17.8","","","","","14.9","15.6","","","",
"Peru","PER","Cause of death, by communicable diseases and maternal, prenatal and nutrition conditions (% of total)","SH.DTH.COMM.ZS","","","","","","","","","","","","","","","","","","","","","","","","","","","","","","","","","","","","","","","","","31.5","","","","","","","","","","22.9","","","","","20.7","20.3","","","",
"Philippines","PHL","Cause of death, by communicable diseases and maternal, prenatal and nutrition conditions (% of total)","SH.DTH.COMM.ZS","","","","","","","","","","","","","","","","","","","","","","","","","","","","","","","","","","","","","","","","","33.8","","","","","","","","","","26.8","","","","","25.4","25.2","","","",
"Palau","PLW","Cause of death, by communicable diseases and maternal, prenatal and nutrition conditions (% of total)","SH.DTH.COMM.ZS","","","","","","","","","","","","","","","","","","","","","","","","","","","","","","","","","","","","","","","","","","","","","","","","","","","","","","","","","","","","",
"Papua New Guinea","PNG","Cause of death, by communicable diseases and maternal, prenatal and nutrition conditions (% of total)","SH.DTH.COMM.ZS","","","","","","","","","","","","","","","","","","","","","","","","","","","","","","","","","","","","","","","","","51.3","","","","","","","","","","46.1","","","","","36.8","36.1","","","",
"Poland","POL","Cause of death, by communicable diseases and maternal, prenatal and nutrition conditions (% of total)","SH.DTH.COMM.ZS","","","","","","","","","","","","","","","","","","","","","","","","","","","","","","","","","","","","","","","","","4","","","","","","","","","","3.9","","","","","4.8","5","","","",
"Pre-demographic dividend","PRE","Cause of death, by communicable diseases and maternal, prenatal and nutrition conditions (% of total)","SH.DTH.COMM.ZS","","","","","","","","","","","","","","","","","","","","","","","","","","","","","","","","","","","","","","","","","70.4102649241862","","","","","","","","","","63.4389621405201","","","","","58.2906616492356","57.0680286477007","","","",
"Puerto Rico","PRI","Cause of death, by communicable diseases and maternal, prenatal and nutrition conditions (% of total)","SH.DTH.COMM.ZS","","","","","","","","","","","","","","","","","","","","","","","","","","","","","","","","","","","","","","","","","","","","","","","","","","","","","","","","","","","","",
"Korea, Dem. People’s Rep.","PRK","Cause of death, by communicable diseases and maternal, prenatal and nutrition conditions (% of total)","SH.DTH.COMM.ZS","","","","","","","","","","","","","","","","","","","","","","","","","","","","","","","","","","","","","","","","","43.1","","","","","","","","","","15.3","","","","","9.6","9.5","","","",
"Portugal","PRT","Cause of death, by communicable diseases and maternal, prenatal and nutrition conditions (% of total)","SH.DTH.COMM.ZS","","","","","","","","","","","","","","","","","","","","","","","","","","","","","","","","","","","","","","","","","8.4","","","","","","","","","","9.1","","","","","10","10.2","","","",
"Paraguay","PRY","Cause of death, by communicable diseases and maternal, prenatal and nutrition conditions (% of total)","SH.DTH.COMM.ZS","","","","","","","","","","","","","","","","","","","","","","","","","","","","","","","","","","","","","","","","","21.6","","","","","","","","","","15.6","","","","","13.9","13.7","","","",
"West Bank and Gaza","PSE","Cause of death, by communicable diseases and maternal, prenatal and nutrition conditions (% of total)","SH.DTH.COMM.ZS","","","","","","","","","","","","","","","","","","","","","","","","","","","","","","","","","","","","","","","","","","","","","","","","","","","","","","","","","","","","",
"Pacific island small states","PSS","Cause of death, by communicable diseases and maternal, prenatal and nutrition conditions (% of total)","SH.DTH.COMM.ZS","","","","","","","","","","","","","","","","","","","","","","","","","","","","","","","","","","","","","","","","","20.7408704589329","","","","","","","","","","17.497156875678","","","","","15.239148100836","15.1060351183639","","","",
"Post-demographic dividend","PST","Cause of death, by communicable diseases and maternal, prenatal and nutrition conditions (% of total)","SH.DTH.COMM.ZS","","","","","","","","","","","","","","","","","","","","","","","","","","","","","","","","","","","","","","","","","6.24284268642972","","","","","","","","","","6.09232906404993","","","","","6.43356487569","6.41995554836767","","","",
"French Polynesia","PYF","Cause of death, by communicable diseases and maternal, prenatal and nutrition conditions (% of total)","SH.DTH.COMM.ZS","","","","","","","","","","","","","","","","","","","","","","","","","","","","","","","","","","","","","","","","","","","","","","","","","","","","","","","","","","","","",
"Qatar","QAT","Cause of death, by communicable diseases and maternal, prenatal and nutrition conditions (% of total)","SH.DTH.COMM.ZS","","","","","","","","","","","","","","","","","","","","","","","","","","","","","","","","","","","","","","","","","8.8","","","","","","","","","","5.5","","","","","5.3","5.2","","","",
"Romania","ROU","Cause of death, by communicable diseases and maternal, prenatal and nutrition conditions (% of total)","SH.DTH.COMM.ZS","","","","","","","","","","","","","","","","","","","","","","","","","","","","","","","","","","","","","","","","","4.7","","","","","","","","","","3.5","","","","","4.1","4.2","","","",
"Russian Federation","RUS","Cause of death, by communicable diseases and maternal, prenatal and nutrition conditions (% of total)","SH.DTH.COMM.ZS","","","","","","","","","","","","","","","","","","","","","","","","","","","","","","","","","","","","","","","","","4.4","","","","","","","","","","4.6","","","","","5.1","4.8","","","",
"Rwanda","RWA","Cause of death, by communicable diseases and maternal, prenatal and nutrition conditions (% of total)","SH.DTH.COMM.ZS","","","","","","","","","","","","","","","","","","","","","","","","","","","","","","","","","","","","","","","","","66.8","","","","","","","","","","52.5","","","","","43.7","42.4","","","",
"South Asia","SAS","Cause of death, by communicable diseases and maternal, prenatal and nutrition conditions (% of total)","SH.DTH.COMM.ZS","","","","","","","","","","","","","","","","","","","","","","","","","","","","","","","","","","","","","","","","","44.7683272383024","","","","","","","","","","33.8051977054717","","","","","27.9449144322998","26.9545003826703","","","",
"Saudi Arabia","SAU","Cause of death, by communicable diseases and maternal, prenatal and nutrition conditions (% of total)","SH.DTH.COMM.ZS","","","","","","","","","","","","","","","","","","","","","","","","","","","","","","","","","","","","","","","","","17.5","","","","","","","","","","12.6","","","","","10.8","10.6","","","",
"Sudan","SDN","Cause of death, by communicable diseases and maternal, prenatal and nutrition conditions (% of total)","SH.DTH.COMM.ZS","","","","","","","","","","","","","","","","","","","","","","","","","","","","","","","","","","","","","","","","","49.6","","","","","","","","","","41.9","","","","","36.6","35.2","","","",
"Senegal","SEN","Cause of death, by communicable diseases and maternal, prenatal and nutrition conditions (% of total)","SH.DTH.COMM.ZS","","","","","","","","","","","","","","","","","","","","","","","","","","","","","","","","","","","","","","","","","62.8","","","","","","","","","","50.4","","","","","46.2","45.7","","","",
"Singapore","SGP","Cause of death, by communicable diseases and maternal, prenatal and nutrition conditions (% of total)","SH.DTH.COMM.ZS","","","","","","","","","","","","","","","","","","","","","","","","","","","","","","","","","","","","","","","","","13.9","","","","","","","","","","18.3","","","","","21.5","22.7","","","",
"Solomon Islands","SLB","Cause of death, by communicable diseases and maternal, prenatal and nutrition conditions (% of total)","SH.DTH.COMM.ZS","","","","","","","","","","","","","","","","","","","","","","","","","","","","","","","","","","","","","","","","","28","","","","","","","","","","25.7","","","","","22","22.2","","","",
"Sierra Leone","SLE","Cause of death, by communicable diseases and maternal, prenatal and nutrition conditions (% of total)","SH.DTH.COMM.ZS","","","","","","","","","","","","","","","","","","","","","","","","","","","","","","","","","","","","","","","","","70.1","","","","","","","","","","65","","","","","61.8","57.9","","","",
"El Salvador","SLV","Cause of death, by communicable diseases and maternal, prenatal and nutrition conditions (% of total)","SH.DTH.COMM.ZS","","","","","","","","","","","","","","","","","","","","","","","","","","","","","","","","","","","","","","","","","18.5","","","","","","","","","","11.8","","","","","10.9","10.8","","","",
"San Marino","SMR","Cause of death, by communicable diseases and maternal, prenatal and nutrition conditions (% of total)","SH.DTH.COMM.ZS","","","","","","","","","","","","","","","","","","","","","","","","","","","","","","","","","","","","","","","","","","","","","","","","","","","","","","","","","","","","",
"Somalia","SOM","Cause of death, by communicable diseases and maternal, prenatal and nutrition conditions (% of total)","SH.DTH.COMM.ZS","","","","","","","","","","","","","","","","","","","","","","","","","","","","","","","","","","","","","","","","","75.6","","","","","","","","","","68.8","","","","","66.7","64.2","","","",
"Serbia","SRB","Cause of death, by communicable diseases and maternal, prenatal and nutrition conditions (% of total)","SH.DTH.COMM.ZS","","","","","","","","","","","","","","","","","","","","","","","","","","","","","","","","","","","","","","","","","2.8","","","","","","","","","","1.7","","","","","2.6","2.4","","","",
"Sub-Saharan Africa (excluding high income)","SSA","Cause of death, by communicable diseases and maternal, prenatal and nutrition conditions (% of total)","SH.DTH.COMM.ZS","","","","","","","","","","","","","","","","","","","","","","","","","","","","","","","","","","","","","","","","","70.0298632470021","","","","","","","","","","62.9339857346464","","","","","57.5056536038519","56.3603958034136","","","",
"South Sudan","SSD","Cause of death, by communicable diseases and maternal, prenatal and nutrition conditions (% of total)","SH.DTH.COMM.ZS","","","","","","","","","","","","","","","","","","","","","","","","","","","","","","","","","","","","","","","","","73.8","","","","","","","","","","68.8","","","","","64.5","63.4","","","",
"Sub-Saharan Africa","SSF","Cause of death, by communicable diseases and maternal, prenatal and nutrition conditions (% of total)","SH.DTH.COMM.ZS","","","","","","","","","","","","","","","","","","","","","","","","","","","","","","","","","","","","","","","","","70.0263666549559","","","","","","","","","","62.9301267840588","","","","","57.5017958805248","56.3565637106293","","","",
"Small states","SST","Cause of death, by communicable diseases and maternal, prenatal and nutrition conditions (% of total)","SH.DTH.COMM.ZS","","","","","","","","","","","","","","","","","","","","","","","","","","","","","","","","","","","","","","","","","44.2225635550568","","","","","","","","","","37.2371567562975","","","","","34.197382016973","33.3821121387324","","","",
"Sao Tome and Principe","STP","Cause of death, by communicable diseases and maternal, prenatal and nutrition conditions (% of total)","SH.DTH.COMM.ZS","","","","","","","","","","","","","","","","","","","","","","","","","","","","","","","","","","","","","","","","","51.5","","","","","","","","","","41.7","","","","","34.7","33.9","","","",
"Suriname","SUR","Cause of death, by communicable diseases and maternal, prenatal and nutrition conditions (% of total)","SH.DTH.COMM.ZS","","","","","","","","","","","","","","","","","","","","","","","","","","","","","","","","","","","","","","","","","18.7","","","","","","","","","","15.1","","","","","13.7","13.3","","","",
"Slovak Republic","SVK","Cause of death, by communicable diseases and maternal, prenatal and nutrition conditions (% of total)","SH.DTH.COMM.ZS","","","","","","","","","","","","","","","","","","","","","","","","","","","","","","","","","","","","","","","","","4.2","","","","","","","","","","5","","","","","4.7","4.8","","","",
"Slovenia","SVN","Cause of death, by communicable diseases and maternal, prenatal and nutrition conditions (% of total)","SH.DTH.COMM.ZS","","","","","","","","","","","","","","","","","","","","","","","","","","","","","","","","","","","","","","","","","5.4","","","","","","","","","","3.8","","","","","4.7","5","","","",
"Sweden","SWE","Cause of death, by communicable diseases and maternal, prenatal and nutrition conditions (% of total)","SH.DTH.COMM.ZS","","","","","","","","","","","","","","","","","","","","","","","","","","","","","","","","","","","","","","","","","5.5","","","","","","","","","","4.5","","","","","5.8","5.2","","","",
"Eswatini","SWZ","Cause of death, by communicable diseases and maternal, prenatal and nutrition conditions (% of total)","SH.DTH.COMM.ZS","","","","","","","","","","","","","","","","","","","","","","","","","","","","","","","","","","","","","","","","","69.8","","","","","","","","","","65.8","","","","","54.7","53.7","","","",
"Sint Maarten (Dutch part)","SXM","Cause of death, by communicable diseases and maternal, prenatal and nutrition conditions (% of total)","SH.DTH.COMM.ZS","","","","","","","","","","","","","","","","","","","","","","","","","","","","","","","","","","","","","","","","","","","","","","","","","","","","","","","","","","","","",
"Seychelles","SYC","Cause of death, by communicable diseases and maternal, prenatal and nutrition conditions (% of total)","SH.DTH.COMM.ZS","","","","","","","","","","","","","","","","","","","","","","","","","","","","","","","","","","","","","","","","","12.3","","","","","","","","","","12.3","","","","","12.1","11.9","","","",
"Syrian Arab Republic","SYR","Cause of death, by communicable diseases and maternal, prenatal and nutrition conditions (% of total)","SH.DTH.COMM.ZS","","","","","","","","","","","","","","","","","","","","","","","","","","","","","","","","","","","","","","","","","16.3","","","","","","","","","","10.1","","","","","5","5.1","","","",
"Turks and Caicos Islands","TCA","Cause of death, by communicable diseases and maternal, prenatal and nutrition conditions (% of total)","SH.DTH.COMM.ZS","","","","","","","","","","","","","","","","","","","","","","","","","","","","","","","","","","","","","","","","","","","","","","","","","","","","","","","","","","","","",
"Chad","TCD","Cause of death, by communicable diseases and maternal, prenatal and nutrition conditions (% of total)","SH.DTH.COMM.ZS","","","","","","","","","","","","","","","","","","","","","","","","","","","","","","","","","","","","","","","","","71.6","","","","","","","","","","67.1","","","","","63.7","63.4","","","",
"East Asia & Pacific (IDA & IBRD countries)","TEA","Cause of death, by communicable diseases and maternal, prenatal and nutrition conditions (% of total)","SH.DTH.COMM.ZS","","","","","","","","","","","","","","","","","","","","","","","","","","","","","","","","","","","","","","","","","16.0442513732577","","","","","","","","","","10.7948171693916","","","","","8.98075718473825","8.70993800981278","","","",
"Europe & Central Asia (IDA & IBRD countries)","TEC","Cause of death, by communicable diseases and maternal, prenatal and nutrition conditions (% of total)","SH.DTH.COMM.ZS","","","","","","","","","","","","","","","","","","","","","","","","","","","","","","","","","","","","","","","","","6.13242009690253","","","","","","","","","","5.19684302152453","","","","","5.03658125821489","4.92167306144208","","","",
"Togo","TGO","Cause of death, by communicable diseases and maternal, prenatal and nutrition conditions (% of total)","SH.DTH.COMM.ZS","","","","","","","","","","","","","","","","","","","","","","","","","","","","","","","","","","","","","","","","","64","","","","","","","","","","58.4","","","","","53.1","51.7","","","",
"Thailand","THA","Cause of death, by communicable diseases and maternal, prenatal and nutrition conditions (% of total)","SH.DTH.COMM.ZS","","","","","","","","","","","","","","","","","","","","","","","","","","","","","","","","","","","","","","","","","23.9","","","","","","","","","","17.4","","","","","16.1","15.8","","","",
"Tajikistan","TJK","Cause of death, by communicable diseases and maternal, prenatal and nutrition conditions (% of total)","SH.DTH.COMM.ZS","","","","","","","","","","","","","","","","","","","","","","","","","","","","","","","","","","","","","","","","","40","","","","","","","","","","27.3","","","","","24","23.2","","","",
"Turkmenistan","TKM","Cause of death, by communicable diseases and maternal, prenatal and nutrition conditions (% of total)","SH.DTH.COMM.ZS","","","","","","","","","","","","","","","","","","","","","","","","","","","","","","","","","","","","","","","","","25.5","","","","","","","","","","20.5","","","","","17.5","17.2","","","",
"Latin America & the Caribbean (IDA & IBRD countries)","TLA","Cause of death, by communicable diseases and maternal, prenatal and nutrition conditions (% of total)","SH.DTH.COMM.ZS","","","","","","","","","","","","","","","","","","","","","","","","","","","","","","","","","","","","","","","","","19.4227123028072","","","","","","","","","","13.8442024833092","","","","","13.7469535442436","13.7638994995256","","","",
"Timor-Leste","TLS","Cause of death, by communicable diseases and maternal, prenatal and nutrition conditions (% of total)","SH.DTH.COMM.ZS","","","","","","","","","","","","","","","","","","","","","","","","","","","","","","","","","","","","","","","","","63.1","","","","","","","","","","47.1","","","","","47","45.6","","","",
"Middle East & North Africa (IDA & IBRD countries)","TMN","Cause of death, by communicable diseases and maternal, prenatal and nutrition conditions (% of total)","SH.DTH.COMM.ZS","","","","","","","","","","","","","","","","","","","","","","","","","","","","","","","","","","","","","","","","","21.3274340384605","","","","","","","","","","14.9336596900986","","","","","12.4244549398408","12.242657311341","","","",
"Tonga","TON","Cause of death, by communicable diseases and maternal, prenatal and nutrition conditions (% of total)","SH.DTH.COMM.ZS","","","","","","","","","","","","","","","","","","","","","","","","","","","","","","","","","","","","","","","","","13.5","","","","","","","","","","12.5","","","","","11.9","11.7","","","",
"South Asia (IDA & IBRD)","TSA","Cause of death, by communicable diseases and maternal, prenatal and nutrition conditions (% of total)","SH.DTH.COMM.ZS","","","","","","","","","","","","","","","","","","","","","","","","","","","","","","","","","","","","","","","","","44.7683272383024","","","","","","","","","","33.8051977054717","","","","","27.9449144322998","26.9545003826703","","","",
"Sub-Saharan Africa (IDA & IBRD countries)","TSS","Cause of death, by communicable diseases and maternal, prenatal and nutrition conditions (% of total)","SH.DTH.COMM.ZS","","","","","","","","","","","","","","","","","","","","","","","","","","","","","","","","","","","","","","","","","70.0263666549559","","","","","","","","","","62.9301267840588","","","","","57.5017958805249","56.3565637106293","","","",
"Trinidad and Tobago","TTO","Cause of death, by communicable diseases and maternal, prenatal and nutrition conditions (% of total)","SH.DTH.COMM.ZS","","","","","","","","","","","","","","","","","","","","","","","","","","","","","","","","","","","","","","","","","14.4","","","","","","","","","","9.1","","","","","9.1","9","","","",
"Tunisia","TUN","Cause of death, by communicable diseases and maternal, prenatal and nutrition conditions (% of total)","SH.DTH.COMM.ZS","","","","","","","","","","","","","","","","","","","","","","","","","","","","","","","","","","","","","","","","","12.4","","","","","","","","","","8.7","","","","","7.9","7.8","","","",
"Turkey","TUR","Cause of death, by communicable diseases and maternal, prenatal and nutrition conditions (% of total)","SH.DTH.COMM.ZS","","","","","","","","","","","","","","","","","","","","","","","","","","","","","","","","","","","","","","","","","10.4","","","","","","","","","","5.7","","","","","4.6","4.4","","","",
"Tuvalu","TUV","Cause of death, by communicable diseases and maternal, prenatal and nutrition conditions (% of total)","SH.DTH.COMM.ZS","","","","","","","","","","","","","","","","","","","","","","","","","","","","","","","","","","","","","","","","","","","","","","","","","","","","","","","","","","","","",
"Tanzania","TZA","Cause of death, by communicable diseases and maternal, prenatal and nutrition conditions (% of total)","SH.DTH.COMM.ZS","","","","","","","","","","","","","","","","","","","","","","","","","","","","","","","","","","","","","","","","","73.5","","","","","","","","","","65.4","","","","","57.2","55.8","","","",
"Uganda","UGA","Cause of death, by communicable diseases and maternal, prenatal and nutrition conditions (% of total)","SH.DTH.COMM.ZS","","","","","","","","","","","","","","","","","","","","","","","","","","","","","","","","","","","","","","","","","76.8","","","","","","","","","","64.5","","","","","55.7","54.5","","","",
"Ukraine","UKR","Cause of death, by communicable diseases and maternal, prenatal and nutrition conditions (% of total)","SH.DTH.COMM.ZS","","","","","","","","","","","","","","","","","","","","","","","","","","","","","","","","","","","","","","","","","4","","","","","","","","","","4.9","","","","","3.7","4.1","","","",
"Upper middle income","UMC","Cause of death, by communicable diseases and maternal, prenatal and nutrition conditions (% of total)","SH.DTH.COMM.ZS","","","","","","","","","","","","","","","","","","","","","","","","","","","","","","","","","","","","","","","","","11.7870407203703","","","","","","","","","","9.00939588846924","","","","","7.62234358357817","7.49599762848136","","","",
"Uruguay","URY","Cause of death, by communicable diseases and maternal, prenatal and nutrition conditions (% of total)","SH.DTH.COMM.ZS","","","","","","","","","","","","","","","","","","","","","","","","","","","","","","","","","","","","","","","","","7.4","","","","","","","","","","8.1","","","","","7.2","7.6","","","",
"United States","USA","Cause of death, by communicable diseases and maternal, prenatal and nutrition conditions (% of total)","SH.DTH.COMM.ZS","","","","","","","","","","","","","","","","","","","","","","","","","","","","","","","","","","","","","","","","","6.1","","","","","","","","","","5.4","","","","","5.4","5.2","","","",
"Uzbekistan","UZB","Cause of death, by communicable diseases and maternal, prenatal and nutrition conditions (% of total)","SH.DTH.COMM.ZS","","","","","","","","","","","","","","","","","","","","","","","","","","","","","","","","","","","","","","","","","23.4","","","","","","","","","","14.6","","","","","11","10.3","","","",
"St. Vincent and the Grenadines","VCT","Cause of death, by communicable diseases and maternal, prenatal and nutrition conditions (% of total)","SH.DTH.COMM.ZS","","","","","","","","","","","","","","","","","","","","","","","","","","","","","","","","","","","","","","","","","16.1","","","","","","","","","","16.5","","","","","14","13.4","","","",
"Venezuela, RB","VEN","Cause of death, by communicable diseases and maternal, prenatal and nutrition conditions (% of total)","SH.DTH.COMM.ZS","","","","","","","","","","","","","","","","","","","","","","","","","","","","","","","","","","","","","","","","","14.9","","","","","","","","","","11.8","","","","","11.5","11.3","","","",
"British Virgin Islands","VGB","Cause of death, by communicable diseases and maternal, prenatal and nutrition conditions (% of total)","SH.DTH.COMM.ZS","","","","","","","","","","","","","","","","","","","","","","","","","","","","","","","","","","","","","","","","","","","","","","","","","","","","","","","","","","","","",
"Virgin Islands (U.S.)","VIR","Cause of death, by communicable diseases and maternal, prenatal and nutrition conditions (% of total)","SH.DTH.COMM.ZS","","","","","","","","","","","","","","","","","","","","","","","","","","","","","","","","","","","","","","","","","","","","","","","","","","","","","","","","","","","","",
"Vietnam","VNM","Cause of death, by communicable diseases and maternal, prenatal and nutrition conditions (% of total)","SH.DTH.COMM.ZS","","","","","","","","","","","","","","","","","","","","","","","","","","","","","","","","","","","","","","","","","20.1","","","","","","","","","","14.2","","","","","12","11.5","","","",
"Vanuatu","VUT","Cause of death, by communicable diseases and maternal, prenatal and nutrition conditions (% of total)","SH.DTH.COMM.ZS","","","","","","","","","","","","","","","","","","","","","","","","","","","","","","","","","","","","","","","","","25.7","","","","","","","","","","21.8","","","","","18.9","18.8","","","",
"World","WLD","Cause of death, by communicable diseases and maternal, prenatal and nutrition conditions (% of total)","SH.DTH.COMM.ZS","","","","","","","","","","","","","","","","","","","","","","","","","","","","","","","","","","","","","","","","","30.9056918373977","","","","","","","","","","24.0256213462491","","","","","20.744020589909","20.1771695195831","","","",
"Samoa","WSM","Cause of death, by communicable diseases and maternal, prenatal and nutrition conditions (% of total)","SH.DTH.COMM.ZS","","","","","","","","","","","","","","","","","","","","","","","","","","","","","","","","","","","","","","","","","15.5","","","","","","","","","","13.4","","","","","12.4","12","","","",
"Kosovo","XKX","Cause of death, by communicable diseases and maternal, prenatal and nutrition conditions (% of total)","SH.DTH.COMM.ZS","","","","","","","","","","","","","","","","","","","","","","","","","","","","","","","","","","","","","","","","","","","","","","","","","","","","","","","","","","","","",
"Yemen, Rep.","YEM","Cause of death, by communicable diseases and maternal, prenatal and nutrition conditions (% of total)","SH.DTH.COMM.ZS","","","","","","","","","","","","","","","","","","","","","","","","","","","","","","","","","","","","","","","","","46.7","","","","","","","","","","32.4","","","","","27.4","28.7","","","",
"South Africa","ZAF","Cause of death, by communicable diseases and maternal, prenatal and nutrition conditions (% of total)","SH.DTH.COMM.ZS","","","","","","","","","","","","","","","","","","","","","","","","","","","","","","","","","","","","","","","","","48.5","","","","","","","","","","52.2","","","","","39.8","39.6","","","",
"Zambia","ZMB","Cause of death, by communicable diseases and maternal, prenatal and nutrition conditions (% of total)","SH.DTH.COMM.ZS","","","","","","","","","","","","","","","","","","","","","","","","","","","","","","","","","","","","","","","","","78.2","","","","","","","","","","67.2","","","","","61.6","60.6","","","",
"Zimbabwe","ZWE","Cause of death, by communicable diseases and maternal, prenatal and nutrition conditions (% of total)","SH.DTH.COMM.ZS","","","","","","","","","","","","","","","","","","","","","","","","","","","","","","","","","","","","","","","","","74.9","","","","","","","","","","67.2","","","","","56.5","54.6","","","",
